id,company_id,rule_type,definition,date_created,last_updated
1,629,regex_and_mcc,"{""pattern"": ""VCA"", ""mcc_code"": 742}",2017-04-25 01:04:00.114965+00,2017-04-25 01:04:00.114965+00
2,383,regex_and_mcc,"{""pattern"": ""AIR FRANCE"", ""mcc_code"": 3000}",2017-04-25 01:04:00.114965+00,2017-04-25 01:04:00.114965+00
3,381,regex_and_mcc,"{""pattern"": ""DELTA"", ""mcc_code"": 3000}",2017-04-25 01:04:00.114965+00,2017-04-25 01:04:00.114965+00
4,395,regex_and_mcc,"{""pattern"": ""EVA AIR"", ""mcc_code"": 3000}",2017-04-25 01:04:00.114965+00,2017-04-25 01:04:00.114965+00
5,392,regex_and_mcc,"{""pattern"": ""LUFTHANSA"", ""mcc_code"": 3000}",2017-04-25 01:04:00.114965+00,2017-04-25 01:04:00.114965+00
6,372,regex_and_mcc,"{""pattern"": ""AVIS RENT-A-CAR"", ""mcc_code"": 3351}",2017-04-25 01:04:00.114965+00,2017-04-25 01:04:00.114965+00
7,247,regex_and_mcc,"{""pattern"": ""ALOFT"", ""mcc_code"": 3501}",2017-04-25 01:04:00.114965+00,2017-04-25 01:04:00.114965+00
8,271,regex_and_mcc,"{""pattern"": ""BAYMONT INN & SUITES"", ""mcc_code"": 3501}",2017-04-25 01:04:00.114965+00,2017-04-25 01:04:00.114965+00
9,224,regex_and_mcc,"{""pattern"": ""COURTYARD BY MARRIOTT"", ""mcc_code"": 3501}",2017-04-25 01:04:00.114965+00,2017-04-25 01:04:00.114965+00
10,272,regex_and_mcc,"{""pattern"": ""DAYS INN"", ""mcc_code"": 3501}",2017-04-25 01:04:00.114965+00,2017-04-25 01:04:00.114965+00
11,62,regex_and_mcc,"{""pattern"": ""DISNEY"", ""mcc_code"": 3501}",2017-04-25 01:04:00.114965+00,2017-04-25 01:04:00.114965+00
12,254,regex_and_mcc,"{""pattern"": ""DOUBLETREE"", ""mcc_code"": 3501}",2017-04-25 01:04:00.114965+00,2017-04-25 01:04:00.114965+00
13,269,regex_and_mcc,"{""pattern"": ""EXTENDED STAY AMERICA"", ""mcc_code"": 3501}",2017-04-25 01:04:00.114965+00,2017-04-25 01:04:00.114965+00
14,260,regex_and_mcc,"{""pattern"": ""HILTON GARDEN INN"", ""mcc_code"": 3501}",2017-04-25 01:04:00.114965+00,2017-04-25 01:04:00.114965+00
15,214,regex_and_mcc,"{""pattern"": ""HOLIDAY INN"", ""mcc_code"": 3501}",2017-04-25 01:04:00.114965+00,2017-04-25 01:04:00.114965+00
16,546,regex_and_mcc,"{""pattern"": ""HYATT HOTELS"", ""mcc_code"": 3501}",2017-04-25 01:04:00.114965+00,2017-04-25 01:04:00.114965+00
17,275,regex_and_mcc,"{""pattern"": ""KNIGHTS INN"", ""mcc_code"": 3501}",2017-04-25 01:04:00.114965+00,2017-04-25 01:04:00.114965+00
18,223,regex_and_mcc,"{""pattern"": ""MARRIOTT"", ""mcc_code"": 3501}",2017-04-25 01:04:00.114965+00,2017-04-25 01:04:00.114965+00
19,220,regex_and_mcc,"{""pattern"": ""QUALITY INN"", ""mcc_code"": 3501}",2017-04-25 01:04:00.114965+00,2017-04-25 01:04:00.114965+00
20,243,regex_and_mcc,"{""pattern"": ""RENAISSANCE HOTELS"", ""mcc_code"": 3501}",2017-04-25 01:04:00.114965+00,2017-04-25 01:04:00.114965+00
21,238,regex_and_mcc,"{""pattern"": ""SHERATON"", ""mcc_code"": 3501}",2017-04-25 01:04:00.114965+00,2017-04-25 01:04:00.114965+00
22,228,regex_and_mcc,"{""pattern"": ""SPRINGHILL SUITES"", ""mcc_code"": 3501}",2017-04-25 01:04:00.114965+00,2017-04-25 01:04:00.114965+00
23,235,regex_and_mcc,"{""pattern"": ""W HOTELS"", ""mcc_code"": 3501}",2017-04-25 01:04:00.114965+00,2017-04-25 01:04:00.114965+00
24,245,regex_and_mcc,"{""pattern"": ""WESTIN"", ""mcc_code"": 3501}",2017-04-25 01:04:00.114965+00,2017-04-25 01:04:00.114965+00
25,278,regex_and_mcc,"{""pattern"": ""WYNDHAM"", ""mcc_code"": 3501}",2017-04-25 01:04:00.114965+00,2017-04-25 01:04:00.114965+00
26,751,regex_and_mcc,"{""pattern"": ""LYFT"", ""mcc_code"": 4121}",2017-04-25 01:04:00.114965+00,2017-04-25 01:04:00.114965+00
27,787,regex_and_mcc,"{""pattern"": ""UBER"", ""mcc_code"": 4121}",2017-04-25 01:04:00.114965+00,2017-04-25 01:04:00.114965+00
28,143,regex_and_mcc,"{""pattern"": ""FEDEX"", ""mcc_code"": 4215}",2017-04-25 01:04:00.114965+00,2017-04-25 01:04:00.114965+00
29,595,regex_and_mcc,"{""pattern"": ""CARNIVAL"", ""mcc_code"": 4411}",2017-04-25 01:04:00.114965+00,2017-04-25 01:04:00.114965+00
30,715,regex_and_mcc,"{""pattern"": ""AIRBNB"", ""mcc_code"": 4722}",2017-04-25 01:04:00.114965+00,2017-04-25 01:04:00.114965+00
31,368,regex_and_mcc,"{""pattern"": ""EXPEDIA"", ""mcc_code"": 4722}",2017-04-25 01:04:00.114965+00,2017-04-25 01:04:00.114965+00
32,576,regex_and_mcc,"{""pattern"": ""GROUPON"", ""mcc_code"": 4722}",2017-04-25 01:04:00.114965+00,2017-04-25 01:04:00.114965+00
33,369,regex_and_mcc,"{""pattern"": ""TRAVELOCITY"", ""mcc_code"": 4722}",2017-04-25 01:04:00.114965+00,2017-04-25 01:04:00.114965+00
34,676,regex_and_mcc,"{""pattern"": ""TRIPADVISOR"", ""mcc_code"": 4722}",2017-04-25 01:04:00.114965+00,2017-04-25 01:04:00.114965+00
35,420,regex_and_mcc,"{""pattern"": ""CAR2GO"", ""mcc_code"": 4789}",2017-04-25 01:04:00.114965+00,2017-04-25 01:04:00.114965+00
36,371,regex_and_mcc,"{""pattern"": ""ZIPCAR"", ""mcc_code"": 4789}",2017-04-25 01:04:00.114965+00,2017-04-25 01:04:00.114965+00
37,160,regex_and_mcc,"{""pattern"": ""CRICKET WIRELESS"", ""mcc_code"": 4812}",2017-04-25 01:04:00.114965+00,2017-04-25 01:04:00.114965+00
38,291,regex_and_mcc,"{""pattern"": ""BOOST MOBILE"", ""mcc_code"": 4814}",2017-04-25 01:04:00.114965+00,2017-04-25 01:04:00.114965+00
39,160,regex_and_mcc,"{""pattern"": ""CRICKET WIRELESS"", ""mcc_code"": 4814}",2017-04-25 01:04:00.114965+00,2017-04-25 01:04:00.114965+00
40,351,regex_and_mcc,"{""pattern"": ""SKYPE"", ""mcc_code"": 4814}",2017-04-25 01:04:00.114965+00,2017-04-25 01:04:00.114965+00
41,290,regex_and_mcc,"{""pattern"": ""SPRINT"", ""mcc_code"": 4814}",2017-04-25 01:04:00.114965+00,2017-04-25 01:04:00.114965+00
42,580,regex_and_mcc,"{""pattern"": ""T MOBILE"", ""mcc_code"": 4814}",2017-04-25 01:04:00.114965+00,2017-04-25 01:04:00.114965+00
43,582,regex_and_mcc,"{""pattern"": ""US CELLULAR"", ""mcc_code"": 4814}",2017-04-25 01:04:00.114965+00,2017-04-25 01:04:00.114965+00
44,156,regex_and_mcc,"{""pattern"": ""VERIZON"", ""mcc_code"": 4814}",2017-04-25 01:04:00.114965+00,2017-04-25 01:04:00.114965+00
45,584,regex_and_mcc,"{""pattern"": ""VODAFONE"", ""mcc_code"": 4814}",2017-04-25 01:04:00.114965+00,2017-04-25 01:04:00.114965+00
46,68,regex_and_mcc,"{""pattern"": ""AMAZON"", ""mcc_code"": 4816}",2017-04-25 01:04:00.114965+00,2017-04-25 01:04:00.114965+00
47,350,regex_and_mcc,"{""pattern"": ""MICROSOFT"", ""mcc_code"": 4816}",2017-04-25 01:04:00.114965+00,2017-04-25 01:04:00.114965+00
48,451,regex_and_mcc,"{""pattern"": ""CABLE ONE"", ""mcc_code"": 4899}",2017-04-25 01:04:00.114965+00,2017-04-25 01:04:00.114965+00
49,453,regex_and_mcc,"{""pattern"": ""CHARTER COMM"", ""mcc_code"": 4899}",2017-04-25 01:04:00.114965+00,2017-04-25 01:04:00.114965+00
50,512,regex_and_mcc,"{""pattern"": ""DIRECTV"", ""mcc_code"": 4899}",2017-04-25 01:04:00.114965+00,2017-04-25 01:04:00.114965+00
51,60,regex_and_mcc,"{""pattern"": ""HULU"", ""mcc_code"": 4899}",2017-04-25 01:04:00.114965+00,2017-04-25 01:04:00.114965+00
52,510,regex_and_mcc,"{""pattern"": ""OPTIMUM"", ""mcc_code"": 4899}",2017-04-25 01:04:00.114965+00,2017-04-25 01:04:00.114965+00
53,58,regex_and_mcc,"{""pattern"": ""TIME WARNER"", ""mcc_code"": 4899}",2017-04-25 01:04:00.114965+00,2017-04-25 01:04:00.114965+00
54,55,regex_and_mcc,"{""pattern"": ""XFINITY"", ""mcc_code"": 4899}",2017-04-25 01:04:00.114965+00,2017-04-25 01:04:00.114965+00
55,483,regex_and_mcc,"{""pattern"": ""DTE ENERGY"", ""mcc_code"": 4900}",2017-04-25 01:04:00.114965+00,2017-04-25 01:04:00.114965+00
56,486,regex_and_mcc,"{""pattern"": ""WESTAR ENERGY"", ""mcc_code"": 4900}",2017-04-25 01:04:00.114965+00,2017-04-25 01:04:00.114965+00
57,487,regex_and_mcc,"{""pattern"": ""XCEL ENERGY"", ""mcc_code"": 4900}",2017-04-25 01:04:00.114965+00,2017-04-25 01:04:00.114965+00
58,541,regex_and_mcc,"{""pattern"": ""HOME DEPOT"", ""mcc_code"": 5200}",2017-04-25 01:04:00.114965+00,2017-04-25 01:04:00.114965+00
59,462,regex_and_mcc,"{""pattern"": ""COSTCO"", ""mcc_code"": 5300}",2017-04-25 01:04:00.114965+00,2017-04-25 01:04:00.114965+00
60,80,regex_and_mcc,"{""pattern"": ""SAM'S CLUB"", ""mcc_code"": 5300}",2017-04-25 01:04:00.114965+00,2017-04-25 01:04:00.114965+00
61,463,regex_and_mcc,"{""pattern"": ""BIG LOTS"", ""mcc_code"": 5310}",2017-04-25 01:04:00.114965+00,2017-04-25 01:04:00.114965+00
62,636,regex_and_mcc,"{""pattern"": ""DOLLAR GE"", ""mcc_code"": 5310}",2017-04-25 01:04:00.114965+00,2017-04-25 01:04:00.114965+00
63,81,regex_and_mcc,"{""pattern"": ""JET.COM"", ""mcc_code"": 5310}",2017-04-25 01:04:00.114965+00,2017-04-25 01:04:00.114965+00
64,88,regex_and_mcc,"{""pattern"": ""KMART"", ""mcc_code"": 5310}",2017-04-25 01:04:00.114965+00,2017-04-25 01:04:00.114965+00
65,407,regex_and_mcc,"{""pattern"": ""ROSS"", ""mcc_code"": 5310}",2017-04-25 01:04:00.114965+00,2017-04-25 01:04:00.114965+00
66,460,regex_and_mcc,"{""pattern"": ""TARGET"", ""mcc_code"": 5310}",2017-04-25 01:04:00.114965+00,2017-04-25 01:04:00.114965+00
67,79,regex_and_mcc,"{""pattern"": ""WAL-MART"", ""mcc_code"": 5310}",2017-04-25 01:04:00.114965+00,2017-04-25 01:04:00.114965+00
68,79,regex_and_mcc,"{""pattern"": ""WALMART"", ""mcc_code"": 5310}",2017-04-25 01:04:00.114965+00,2017-04-25 01:04:00.114965+00
69,79,regex_and_mcc,"{""pattern"": ""WM SUPERCENTER"", ""mcc_code"": 5310}",2017-04-25 01:04:00.114965+00,2017-04-25 01:04:00.114965+00
70,85,regex_and_mcc,"{""pattern"": ""BLOOMINGDALE'S"", ""mcc_code"": 5311}",2017-04-25 01:04:00.114965+00,2017-04-25 01:04:00.114965+00
71,465,regex_and_mcc,"{""pattern"": ""JCPENNEY"", ""mcc_code"": 5311}",2017-04-25 01:04:00.114965+00,2017-04-25 01:04:00.114965+00
72,408,regex_and_mcc,"{""pattern"": ""KOHLS"", ""mcc_code"": 5311}",2017-04-25 01:04:00.114965+00,2017-04-25 01:04:00.114965+00
73,84,regex_and_mcc,"{""pattern"": ""MACY'S"", ""mcc_code"": 5311}",2017-04-25 01:04:00.114965+00,2017-04-25 01:04:00.114965+00
74,409,regex_and_mcc,"{""pattern"": ""NORDSTROM"", ""mcc_code"": 5311}",2017-04-25 01:04:00.114965+00,2017-04-25 01:04:00.114965+00
75,87,regex_and_mcc,"{""pattern"": ""SEARS"", ""mcc_code"": 5311}",2017-04-25 01:04:00.114965+00,2017-04-25 01:04:00.114965+00
76,636,regex_and_mcc,"{""pattern"": ""DOLLAR GENERAL"", ""mcc_code"": 5331}",2017-04-25 01:04:00.114965+00,2017-04-25 01:04:00.114965+00
77,354,regex_and_mcc,"{""pattern"": ""DOLLAR TR"", ""mcc_code"": 5331}",2017-04-25 01:04:00.114965+00,2017-04-25 01:04:00.114965+00
78,357,regex_and_mcc,"{""pattern"": ""FAMILY DOLLAR"", ""mcc_code"": 5331}",2017-04-25 01:04:00.114965+00,2017-04-25 01:04:00.114965+00
79,655,regex_and_mcc,"{""pattern"": ""FIVE BELOW"", ""mcc_code"": 5331}",2017-04-25 01:04:00.114965+00,2017-04-25 01:04:00.114965+00
80,68,regex_and_mcc,"{""pattern"": ""AMAZON"", ""mcc_code"": 5399}",2017-04-25 01:04:00.114965+00,2017-04-25 01:04:00.114965+00
81,462,regex_and_mcc,"{""pattern"": ""COSTCO"", ""mcc_code"": 5399}",2017-04-25 01:04:00.114965+00,2017-04-25 01:04:00.114965+00
82,354,regex_and_mcc,"{""pattern"": ""DOLLAR TREE"", ""mcc_code"": 5399}",2017-04-25 01:04:00.114965+00,2017-04-25 01:04:00.114965+00
83,68,regex_and_mcc,"{""pattern"": ""AMAZON"", ""mcc_code"": 5411}",2017-04-25 01:04:00.114965+00,2017-04-25 01:04:00.114965+00
84,199,regex_and_mcc,"{""pattern"": ""BFRESH"", ""mcc_code"": 5411}",2017-04-25 01:04:00.114965+00,2017-04-25 01:04:00.114965+00
85,164,regex_and_mcc,"{""pattern"": ""CITY MARKET"", ""mcc_code"": 5411}",2017-04-25 01:04:00.114965+00,2017-04-25 01:04:00.114965+00
86,462,regex_and_mcc,"{""pattern"": ""COSTCO"", ""mcc_code"": 5411}",2017-04-25 01:04:00.114965+00,2017-04-25 01:04:00.114965+00
87,190,regex_and_mcc,"{""pattern"": ""CUB FOODS"", ""mcc_code"": 5411}",2017-04-25 01:04:00.114965+00,2017-04-25 01:04:00.114965+00
88,165,regex_and_mcc,"{""pattern"": ""DILLONS"", ""mcc_code"": 5411}",2017-04-25 01:04:00.114965+00,2017-04-25 01:04:00.114965+00
89,734,regex_and_mcc,"{""pattern"": ""FAREWAY STORES"", ""mcc_code"": 5411}",2017-04-25 01:04:00.114965+00,2017-04-25 01:04:00.114965+00
90,191,regex_and_mcc,"{""pattern"": ""FARM FRESH"", ""mcc_code"": 5411}",2017-04-25 01:04:00.114965+00,2017-04-25 01:04:00.114965+00
91,166,regex_and_mcc,"{""pattern"": ""FOOD 4 LESS"", ""mcc_code"": 5411}",2017-04-25 01:04:00.114965+00,2017-04-25 01:04:00.114965+00
92,200,regex_and_mcc,"{""pattern"": ""FOOD LION"", ""mcc_code"": 5411}",2017-04-25 01:04:00.114965+00,2017-04-25 01:04:00.114965+00
93,167,regex_and_mcc,"{""pattern"": ""FRED MEYER"", ""mcc_code"": 5411}",2017-04-25 01:04:00.114965+00,2017-04-25 01:04:00.114965+00
94,201,regex_and_mcc,"{""pattern"": ""GIANT"", ""mcc_code"": 5411}",2017-04-25 01:04:00.114965+00,2017-04-25 01:04:00.114965+00
95,202,regex_and_mcc,"{""pattern"": ""HANNAFORD"", ""mcc_code"": 5411}",2017-04-25 01:04:00.114965+00,2017-04-25 01:04:00.114965+00
96,170,regex_and_mcc,"{""pattern"": ""HARRIS TEETER"", ""mcc_code"": 5411}",2017-04-25 01:04:00.114965+00,2017-04-25 01:04:00.114965+00
97,192,regex_and_mcc,"{""pattern"": ""HORNBACHER'S"", ""mcc_code"": 5411}",2017-04-25 01:04:00.114965+00,2017-04-25 01:04:00.114965+00
98,172,regex_and_mcc,"{""pattern"": ""KING SOOPERS"", ""mcc_code"": 5411}",2017-04-25 01:04:00.114965+00,2017-04-25 01:04:00.114965+00
99,162,regex_and_mcc,"{""pattern"": ""KROGER"", ""mcc_code"": 5411}",2017-04-25 01:04:00.114965+00,2017-04-25 01:04:00.114965+00
100,203,regex_and_mcc,"{""pattern"": ""MARTIN'S"", ""mcc_code"": 5411}",2017-04-25 01:04:00.114965+00,2017-04-25 01:04:00.114965+00
101,204,regex_and_mcc,"{""pattern"": ""PEAPOD"", ""mcc_code"": 5411}",2017-04-25 01:04:00.114965+00,2017-04-25 01:04:00.114965+00
102,177,regex_and_mcc,"{""pattern"": ""RALPHS"", ""mcc_code"": 5411}",2017-04-25 01:04:00.114965+00,2017-04-25 01:04:00.114965+00
103,500,regex_and_mcc,"{""pattern"": ""SAVE A LOT"", ""mcc_code"": 5411}",2017-04-25 01:04:00.114965+00,2017-04-25 01:04:00.114965+00
104,193,regex_and_mcc,"{""pattern"": ""SHOP 'N SAVE"", ""mcc_code"": 5411}",2017-04-25 01:04:00.114965+00,2017-04-25 01:04:00.114965+00
105,194,regex_and_mcc,"{""pattern"": ""SHOPPERS FOOD & PHARMACY"", ""mcc_code"": 5411}",2017-04-25 01:04:00.114965+00,2017-04-25 01:04:00.114965+00
106,520,regex_and_mcc,"{""pattern"": ""SPROUTS FARMERS"", ""mcc_code"": 5411}",2017-04-25 01:04:00.114965+00,2017-04-25 01:04:00.114965+00
107,205,regex_and_mcc,"{""pattern"": ""STOP & SHOP"", ""mcc_code"": 5411}",2017-04-25 01:04:00.114965+00,2017-04-25 01:04:00.114965+00
108,195,regex_and_mcc,"{""pattern"": ""SUPERVALU"", ""mcc_code"": 5411}",2017-04-25 01:04:00.114965+00,2017-04-25 01:04:00.114965+00
109,460,regex_and_mcc,"{""pattern"": ""TARGET"", ""mcc_code"": 5411}",2017-04-25 01:04:00.114965+00,2017-04-25 01:04:00.114965+00
110,79,regex_and_mcc,"{""pattern"": ""WAL-MART"", ""mcc_code"": 5411}",2017-04-25 01:04:00.114965+00,2017-04-25 01:04:00.114965+00
111,79,regex_and_mcc,"{""pattern"": ""WALMART"", ""mcc_code"": 5411}",2017-04-25 01:04:00.114965+00,2017-04-25 01:04:00.114965+00
112,518,regex_and_mcc,"{""pattern"": ""WHOLE FOODS"", ""mcc_code"": 5411}",2017-04-25 01:04:00.114965+00,2017-04-25 01:04:00.114965+00
113,79,regex_and_mcc,"{""pattern"": ""WM SUPERCENTER"", ""mcc_code"": 5411}",2017-04-25 01:04:00.114965+00,2017-04-25 01:04:00.114965+00
114,20,regex_and_mcc,"{""pattern"": ""SEE'S CANDIES"", ""mcc_code"": 5441}",2017-04-25 01:04:00.114965+00,2017-04-25 01:04:00.114965+00
115,459,regex_and_mcc,"{""pattern"": ""7-ELEVEN"", ""mcc_code"": 5499}",2017-04-25 01:04:00.114965+00,2017-04-25 01:04:00.114965+00
116,185,regex_and_mcc,"{""pattern"": ""CIRCLE K"", ""mcc_code"": 5499}",2017-04-25 01:04:00.114965+00,2017-04-25 01:04:00.114965+00
117,187,regex_and_mcc,"{""pattern"": ""CORNER STORE"", ""mcc_code"": 5499}",2017-04-25 01:04:00.114965+00,2017-04-25 01:04:00.114965+00
118,658,regex_and_mcc,"{""pattern"": ""CARMAX"", ""mcc_code"": 5511}",2017-04-25 01:04:00.114965+00,2017-04-25 01:04:00.114965+00
119,640,regex_and_mcc,"{""pattern"": ""BEST BUY"", ""mcc_code"": 5521}",2017-04-25 01:04:00.114965+00,2017-04-25 01:04:00.114965+00
120,645,regex_and_mcc,"{""pattern"": ""ADVANCE AUTO"", ""mcc_code"": 5533}",2017-04-25 01:04:00.114965+00,2017-04-25 01:04:00.114965+00
121,641,regex_and_mcc,"{""pattern"": ""AUTOZONE"", ""mcc_code"": 5533}",2017-04-25 01:04:00.114965+00,2017-04-25 01:04:00.114965+00
122,652,regex_and_mcc,"{""pattern"": ""OREILLY AUTO"", ""mcc_code"": 5533}",2017-04-25 01:04:00.114965+00,2017-04-25 01:04:00.114965+00
123,459,regex_and_mcc,"{""pattern"": ""7-ELEVEN"", ""mcc_code"": 5541}",2017-04-25 01:04:00.114965+00,2017-04-25 01:04:00.114965+00
124,153,regex_and_mcc,"{""pattern"": ""ARCO"", ""mcc_code"": 5541}",2017-04-25 01:04:00.114965+00,2017-04-25 01:04:00.114965+00
125,559,regex_and_mcc,"{""pattern"": ""BP"", ""mcc_code"": 5541}",2017-04-25 01:04:00.114965+00,2017-04-25 01:04:00.114965+00
126,553,regex_and_mcc,"{""pattern"": ""CHEVRON"", ""mcc_code"": 5541}",2017-04-25 01:04:00.114965+00,2017-04-25 01:04:00.114965+00
127,185,regex_and_mcc,"{""pattern"": ""CIRCLE K"", ""mcc_code"": 5541}",2017-04-25 01:04:00.114965+00,2017-04-25 01:04:00.114965+00
128,557,regex_and_mcc,"{""pattern"": ""CONOCO"", ""mcc_code"": 5541}",2017-04-25 01:04:00.114965+00,2017-04-25 01:04:00.114965+00
129,187,regex_and_mcc,"{""pattern"": ""CORNER STORE"", ""mcc_code"": 5541}",2017-04-25 01:04:00.114965+00,2017-04-25 01:04:00.114965+00
130,165,regex_and_mcc,"{""pattern"": ""DILLONS"", ""mcc_code"": 5541}",2017-04-25 01:04:00.114965+00,2017-04-25 01:04:00.114965+00
131,555,regex_and_mcc,"{""pattern"": ""EXXON"", ""mcc_code"": 5541}",2017-04-25 01:04:00.114965+00,2017-04-25 01:04:00.114965+00
132,201,regex_and_mcc,"{""pattern"": ""GIANT"", ""mcc_code"": 5541}",2017-04-25 01:04:00.114965+00,2017-04-25 01:04:00.114965+00
133,162,regex_and_mcc,"{""pattern"": ""KROGER"", ""mcc_code"": 5541}",2017-04-25 01:04:00.114965+00,2017-04-25 01:04:00.114965+00
134,173,regex_and_mcc,"{""pattern"": ""KWIK SHOP"", ""mcc_code"": 5541}",2017-04-25 01:04:00.114965+00,2017-04-25 01:04:00.114965+00
135,174,regex_and_mcc,"{""pattern"": ""LOAF N JUG"", ""mcc_code"": 5541}",2017-04-25 01:04:00.114965+00,2017-04-25 01:04:00.114965+00
136,765,regex_and_mcc,"{""pattern"": ""QUIKTRIP"", ""mcc_code"": 5541}",2017-04-25 01:04:00.114965+00,2017-04-25 01:04:00.114965+00
137,459,regex_and_mcc,"{""pattern"": ""7-ELEVEN"", ""mcc_code"": 5542}",2017-04-25 01:04:00.114965+00,2017-04-25 01:04:00.114965+00
138,153,regex_and_mcc,"{""pattern"": ""ARCO"", ""mcc_code"": 5542}",2017-04-25 01:04:00.114965+00,2017-04-25 01:04:00.114965+00
139,559,regex_and_mcc,"{""pattern"": ""BP"", ""mcc_code"": 5542}",2017-04-25 01:04:00.114965+00,2017-04-25 01:04:00.114965+00
140,553,regex_and_mcc,"{""pattern"": ""CHEVRON"", ""mcc_code"": 5542}",2017-04-25 01:04:00.114965+00,2017-04-25 01:04:00.114965+00
141,185,regex_and_mcc,"{""pattern"": ""CIRCLE K"", ""mcc_code"": 5542}",2017-04-25 01:04:00.114965+00,2017-04-25 01:04:00.114965+00
142,557,regex_and_mcc,"{""pattern"": ""CONOCO"", ""mcc_code"": 5542}",2017-04-25 01:04:00.114965+00,2017-04-25 01:04:00.114965+00
143,187,regex_and_mcc,"{""pattern"": ""CORNER STORE"", ""mcc_code"": 5542}",2017-04-25 01:04:00.114965+00,2017-04-25 01:04:00.114965+00
144,462,regex_and_mcc,"{""pattern"": ""COSTCO"", ""mcc_code"": 5542}",2017-04-25 01:04:00.114965+00,2017-04-25 01:04:00.114965+00
145,611,regex_and_mcc,"{""pattern"": ""CRACKER BARREL"", ""mcc_code"": 5542}",2017-04-25 01:04:00.114965+00,2017-04-25 01:04:00.114965+00
146,555,regex_and_mcc,"{""pattern"": ""EXXON"", ""mcc_code"": 5542}",2017-04-25 01:04:00.114965+00,2017-04-25 01:04:00.114965+00
147,166,regex_and_mcc,"{""pattern"": ""FOOD 4 LESS"", ""mcc_code"": 5542}",2017-04-25 01:04:00.114965+00,2017-04-25 01:04:00.114965+00
148,167,regex_and_mcc,"{""pattern"": ""FRED MEYER"", ""mcc_code"": 5542}",2017-04-25 01:04:00.114965+00,2017-04-25 01:04:00.114965+00
149,201,regex_and_mcc,"{""pattern"": ""GIANT"", ""mcc_code"": 5542}",2017-04-25 01:04:00.114965+00,2017-04-25 01:04:00.114965+00
150,181,regex_and_mcc,"{""pattern"": ""JAYC"", ""mcc_code"": 5542}",2017-04-25 01:04:00.114965+00,2017-04-25 01:04:00.114965+00
151,172,regex_and_mcc,"{""pattern"": ""KING SOOPERS"", ""mcc_code"": 5542}",2017-04-25 01:04:00.114965+00,2017-04-25 01:04:00.114965+00
152,162,regex_and_mcc,"{""pattern"": ""KROGER"", ""mcc_code"": 5542}",2017-04-25 01:04:00.114965+00,2017-04-25 01:04:00.114965+00
153,173,regex_and_mcc,"{""pattern"": ""KWIK SHOP"", ""mcc_code"": 5542}",2017-04-25 01:04:00.114965+00,2017-04-25 01:04:00.114965+00
154,174,regex_and_mcc,"{""pattern"": ""LOAF N JUG"", ""mcc_code"": 5542}",2017-04-25 01:04:00.114965+00,2017-04-25 01:04:00.114965+00
155,552,regex_and_mcc,"{""pattern"": ""SHELL"", ""mcc_code"": 5542}",2017-04-25 01:04:00.114965+00,2017-04-25 01:04:00.114965+00
156,154,regex_and_mcc,"{""pattern"": ""USA GASOLINE"", ""mcc_code"": 5542}",2017-04-25 01:04:00.114965+00,2017-04-25 01:04:00.114965+00
157,667,regex_and_mcc,"{""pattern"": ""TRACTOR SUPPLY"", ""mcc_code"": 5599}",2017-04-25 01:04:00.114965+00,2017-04-25 01:04:00.114965+00
158,474,regex_and_mcc,"{""pattern"": ""COACH"", ""mcc_code"": 5631}",2017-04-25 01:04:00.114965+00,2017-04-25 01:04:00.114965+00
159,41,regex_and_mcc,"{""pattern"": ""ATHLETA"", ""mcc_code"": 5651}",2017-04-25 01:04:00.114965+00,2017-04-25 01:04:00.114965+00
160,40,regex_and_mcc,"{""pattern"": ""BANANA REPUBLIC"", ""mcc_code"": 5651}",2017-04-25 01:04:00.114965+00,2017-04-25 01:04:00.114965+00
161,39,regex_and_mcc,"{""pattern"": ""GAP"", ""mcc_code"": 5651}",2017-04-25 01:04:00.114965+00,2017-04-25 01:04:00.114965+00
162,32,regex_and_mcc,"{""pattern"": ""H&M"", ""mcc_code"": 5651}",2017-04-25 01:04:00.114965+00,2017-04-25 01:04:00.114965+00
163,26,regex_and_mcc,"{""pattern"": ""HOME GOODS"", ""mcc_code"": 5651}",2017-04-25 01:04:00.114965+00,2017-04-25 01:04:00.114965+00
164,25,regex_and_mcc,"{""pattern"": ""MARSHALLS"", ""mcc_code"": 5651}",2017-04-25 01:04:00.114965+00,2017-04-25 01:04:00.114965+00
165,417,regex_and_mcc,"{""pattern"": ""URBAN OUTFITTERS"", ""mcc_code"": 5651}",2017-04-25 01:04:00.114965+00,2017-04-25 01:04:00.114965+00
166,523,regex_and_mcc,"{""pattern"": ""ADIDAS"", ""mcc_code"": 5655}",2017-04-25 01:04:00.114965+00,2017-04-25 01:04:00.114965+00
167,475,regex_and_mcc,"{""pattern"": ""COLUMBIA SPORTSWEAR"", ""mcc_code"": 5655}",2017-04-25 01:04:00.114965+00,2017-04-25 01:04:00.114965+00
168,208,regex_and_mcc,"{""pattern"": ""NIKE"", ""mcc_code"": 5655}",2017-04-25 01:04:00.114965+00,2017-04-25 01:04:00.114965+00
169,414,regex_and_mcc,"{""pattern"": ""DSW"", ""mcc_code"": 5661}",2017-04-25 01:04:00.114965+00,2017-04-25 01:04:00.114965+00
170,415,regex_and_mcc,"{""pattern"": ""FOOT LOCKER"", ""mcc_code"": 5661}",2017-04-25 01:04:00.114965+00,2017-04-25 01:04:00.114965+00
171,526,regex_and_mcc,"{""pattern"": ""SKECHERS"", ""mcc_code"": 5661}",2017-04-25 01:04:00.114965+00,2017-04-25 01:04:00.114965+00
172,125,regex_and_mcc,"{""pattern"": ""TIMBERLAND"", ""mcc_code"": 5661}",2017-04-25 01:04:00.114965+00,2017-04-25 01:04:00.114965+00
173,126,regex_and_mcc,"{""pattern"": ""VANS"", ""mcc_code"": 5661}",2017-04-25 01:04:00.114965+00,2017-04-25 01:04:00.114965+00
174,410,regex_and_mcc,"{""pattern"": ""ABERCROMBIE & FITCH"", ""mcc_code"": 5691}",2017-04-25 01:04:00.114965+00,2017-04-25 01:04:00.114965+00
175,411,regex_and_mcc,"{""pattern"": ""AEROPOSTALE"", ""mcc_code"": 5691}",2017-04-25 01:04:00.114965+00,2017-04-25 01:04:00.114965+00
176,638,regex_and_mcc,"{""pattern"": ""BED BATH & BEYOND"", ""mcc_code"": 5719}",2017-04-25 01:04:00.114965+00,2017-04-25 01:04:00.114965+00
177,136,regex_and_mcc,"{""pattern"": ""APPLE"", ""mcc_code"": 5732}",2017-04-25 01:04:00.114965+00,2017-04-25 01:04:00.114965+00
178,136,regex_and_mcc,"{""pattern"": ""APPLEONLINESTORE"", ""mcc_code"": 5732}",2017-04-25 01:04:00.114965+00,2017-04-25 01:04:00.114965+00
179,640,regex_and_mcc,"{""pattern"": ""BEST BUY"", ""mcc_code"": 5732}",2017-04-25 01:04:00.114965+00,2017-04-25 01:04:00.114965+00
180,141,regex_and_mcc,"{""pattern"": ""SONY"", ""mcc_code"": 5732}",2017-04-25 01:04:00.114965+00,2017-04-25 01:04:00.114965+00
181,350,regex_and_mcc,"{""pattern"": ""MICROSOFT"", ""mcc_code"": 5734}",2017-04-25 01:04:00.114965+00,2017-04-25 01:04:00.114965+00
182,618,regex_and_mcc,"{""pattern"": ""TURBOTAX"", ""mcc_code"": 5734}",2017-04-25 01:04:00.114965+00,2017-04-25 01:04:00.114965+00
183,68,regex_and_mcc,"{""pattern"": ""AMAZON"", ""mcc_code"": 5735}",2017-04-25 01:04:00.114965+00,2017-04-25 01:04:00.114965+00
184,138,regex_and_mcc,"{""pattern"": ""ITUNES"", ""mcc_code"": 5735}",2017-04-25 01:04:00.114965+00,2017-04-25 01:04:00.114965+00
185,72,regex_and_mcc,"{""pattern"": ""KINDLE"", ""mcc_code"": 5735}",2017-04-25 01:04:00.114965+00,2017-04-25 01:04:00.114965+00
186,247,regex_and_mcc,"{""pattern"": ""ALOFT"", ""mcc_code"": 5812}",2017-04-25 01:04:00.114965+00,2017-04-25 01:04:00.114965+00
187,448,regex_and_mcc,"{""pattern"": ""AMC"", ""mcc_code"": 5812}",2017-04-25 01:04:00.114965+00,2017-04-25 01:04:00.114965+00
188,609,regex_and_mcc,"{""pattern"": ""ARAMARK"", ""mcc_code"": 5812}",2017-04-25 01:04:00.114965+00,2017-04-25 01:04:00.114965+00
189,799,regex_and_mcc,"{""pattern"": ""ARBYS"", ""mcc_code"": 5812}",2017-04-25 01:04:00.114965+00,2017-04-25 01:04:00.114965+00
190,672,regex_and_mcc,"{""pattern"": ""BLIZZARD ENTERTAINMENT"", ""mcc_code"": 5812}",2017-04-25 01:04:00.114965+00,2017-04-25 01:04:00.114965+00
191,610,regex_and_mcc,"{""pattern"": ""BUFFALO WILD WINGS"", ""mcc_code"": 5812}",2017-04-25 01:04:00.114965+00,2017-04-25 01:04:00.114965+00
192,615,regex_and_mcc,"{""pattern"": ""CHEESECAKE"", ""mcc_code"": 5812}",2017-04-25 01:04:00.114965+00,2017-04-25 01:04:00.114965+00
193,725,regex_and_mcc,"{""pattern"": ""CHICK-FIL-A"", ""mcc_code"": 5812}",2017-04-25 01:04:00.114965+00,2017-04-25 01:04:00.114965+00
194,319,regex_and_mcc,"{""pattern"": ""CHILI'S"", ""mcc_code"": 5812}",2017-04-25 01:04:00.114965+00,2017-04-25 01:04:00.114965+00
195,604,regex_and_mcc,"{""pattern"": ""CHIPOTLE"", ""mcc_code"": 5812}",2017-04-25 01:04:00.114965+00,2017-04-25 01:04:00.114965+00
196,611,regex_and_mcc,"{""pattern"": ""CRACKER BARREL"", ""mcc_code"": 5812}",2017-04-25 01:04:00.114965+00,2017-04-25 01:04:00.114965+00
197,19,regex_and_mcc,"{""pattern"": ""DAIRY QUEEN"", ""mcc_code"": 5812}",2017-04-25 01:04:00.114965+00,2017-04-25 01:04:00.114965+00
198,254,regex_and_mcc,"{""pattern"": ""DOUBLETREE"", ""mcc_code"": 5812}",2017-04-25 01:04:00.114965+00,2017-04-25 01:04:00.114965+00
199,315,regex_and_mcc,"{""pattern"": ""DUNKIN"", ""mcc_code"": 5812}",2017-04-25 01:04:00.114965+00,2017-04-25 01:04:00.114965+00
200,323,regex_and_mcc,"{""pattern"": ""OLIVE GARDEN"", ""mcc_code"": 5812}",2017-04-25 01:04:00.114965+00,2017-04-25 01:04:00.114965+00
201,312,regex_and_mcc,"{""pattern"": ""PIZZA HUT"", ""mcc_code"": 5812}",2017-04-25 01:04:00.114965+00,2017-04-25 01:04:00.114965+00
202,614,regex_and_mcc,"{""pattern"": ""POTBELLY"", ""mcc_code"": 5812}",2017-04-25 01:04:00.114965+00,2017-04-25 01:04:00.114965+00
203,310,regex_and_mcc,"{""pattern"": ""TACO BELL"", ""mcc_code"": 5812}",2017-04-25 01:04:00.114965+00,2017-04-25 01:04:00.114965+00
204,616,regex_and_mcc,"{""pattern"": ""TEXAS ROADHOUSE"", ""mcc_code"": 5812}",2017-04-25 01:04:00.114965+00,2017-04-25 01:04:00.114965+00
205,334,regex_and_mcc,"{""pattern"": ""YARD HOUSE"", ""mcc_code"": 5812}",2017-04-25 01:04:00.114965+00,2017-04-25 01:04:00.114965+00
206,602,regex_and_mcc,"{""pattern"": ""STARBUCKS"", ""mcc_code"": 5813}",2017-04-25 01:04:00.114965+00,2017-04-25 01:04:00.114965+00
207,385,regex_and_mcc,"{""pattern"": ""ALASKA AIR"", ""mcc_code"": 5814}",2017-04-25 01:04:00.114965+00,2017-04-25 01:04:00.114965+00
208,448,regex_and_mcc,"{""pattern"": ""AMC"", ""mcc_code"": 5814}",2017-04-25 01:04:00.114965+00,2017-04-25 01:04:00.114965+00
209,609,regex_and_mcc,"{""pattern"": ""ARAMARK"", ""mcc_code"": 5814}",2017-04-25 01:04:00.114965+00,2017-04-25 01:04:00.114965+00
210,799,regex_and_mcc,"{""pattern"": ""ARBYS"", ""mcc_code"": 5814}",2017-04-25 01:04:00.114965+00,2017-04-25 01:04:00.114965+00
211,650,regex_and_mcc,"{""pattern"": ""BARNESNOBLE"", ""mcc_code"": 5814}",2017-04-25 01:04:00.114965+00,2017-04-25 01:04:00.114965+00
212,316,regex_and_mcc,"{""pattern"": ""BASKIN"", ""mcc_code"": 5814}",2017-04-25 01:04:00.114965+00,2017-04-25 01:04:00.114965+00
213,294,regex_and_mcc,"{""pattern"": ""BEN & JERRY'S"", ""mcc_code"": 5814}",2017-04-25 01:04:00.114965+00,2017-04-25 01:04:00.114965+00
214,783,regex_and_mcc,"{""pattern"": ""BOSTON MARKET"", ""mcc_code"": 5814}",2017-04-25 01:04:00.114965+00,2017-04-25 01:04:00.114965+00
215,610,regex_and_mcc,"{""pattern"": ""BUFFALO WILD WINGS"", ""mcc_code"": 5814}",2017-04-25 01:04:00.114965+00,2017-04-25 01:04:00.114965+00
216,306,regex_and_mcc,"{""pattern"": ""BURGER KING"", ""mcc_code"": 5814}",2017-04-25 01:04:00.114965+00,2017-04-25 01:04:00.114965+00
217,725,regex_and_mcc,"{""pattern"": ""CHICK-FIL-A"", ""mcc_code"": 5814}",2017-04-25 01:04:00.114965+00,2017-04-25 01:04:00.114965+00
218,604,regex_and_mcc,"{""pattern"": ""CHIPOTLE"", ""mcc_code"": 5814}",2017-04-25 01:04:00.114965+00,2017-04-25 01:04:00.114965+00
219,19,regex_and_mcc,"{""pattern"": ""DAIRY QUEEN"", ""mcc_code"": 5814}",2017-04-25 01:04:00.114965+00,2017-04-25 01:04:00.114965+00
220,606,regex_and_mcc,"{""pattern"": ""DOMINO"", ""mcc_code"": 5814}",2017-04-25 01:04:00.114965+00,2017-04-25 01:04:00.114965+00
221,315,regex_and_mcc,"{""pattern"": ""DUNKIN"", ""mcc_code"": 5814}",2017-04-25 01:04:00.114965+00,2017-04-25 01:04:00.114965+00
222,612,regex_and_mcc,"{""pattern"": ""JACK IN THE BOX"", ""mcc_code"": 5814}",2017-04-25 01:04:00.114965+00,2017-04-25 01:04:00.114965+00
223,745,regex_and_mcc,"{""pattern"": ""JAMBA JUICE"", ""mcc_code"": 5814}",2017-04-25 01:04:00.114965+00,2017-04-25 01:04:00.114965+00
224,311,regex_and_mcc,"{""pattern"": ""KFC"", ""mcc_code"": 5814}",2017-04-25 01:04:00.114965+00,2017-04-25 01:04:00.114965+00
225,601,regex_and_mcc,"{""pattern"": ""MCDONALD"", ""mcc_code"": 5814}",2017-04-25 01:04:00.114965+00,2017-04-25 01:04:00.114965+00
226,608,regex_and_mcc,"{""pattern"": ""PANERA"", ""mcc_code"": 5814}",2017-04-25 01:04:00.114965+00,2017-04-25 01:04:00.114965+00
227,613,regex_and_mcc,"{""pattern"": ""PAPA JOHNS"", ""mcc_code"": 5814}",2017-04-25 01:04:00.114965+00,2017-04-25 01:04:00.114965+00
228,312,regex_and_mcc,"{""pattern"": ""PIZZA HUT"", ""mcc_code"": 5814}",2017-04-25 01:04:00.114965+00,2017-04-25 01:04:00.114965+00
229,602,regex_and_mcc,"{""pattern"": ""STARBUCKS"", ""mcc_code"": 5814}",2017-04-25 01:04:00.114965+00,2017-04-25 01:04:00.114965+00
230,781,regex_and_mcc,"{""pattern"": ""SUBWAY"", ""mcc_code"": 5814}",2017-04-25 01:04:00.114965+00,2017-04-25 01:04:00.114965+00
231,310,regex_and_mcc,"{""pattern"": ""TACO BELL"", ""mcc_code"": 5814}",2017-04-25 01:04:00.114965+00,2017-04-25 01:04:00.114965+00
232,308,regex_and_mcc,"{""pattern"": ""TIM HORTONS"", ""mcc_code"": 5814}",2017-04-25 01:04:00.114965+00,2017-04-25 01:04:00.114965+00
233,303,regex_and_mcc,"{""pattern"": ""WENDY"", ""mcc_code"": 5814}",2017-04-25 01:04:00.114965+00,2017-04-25 01:04:00.114965+00
234,303,regex_and_mcc,"{""pattern"": ""WENDY'S"", ""mcc_code"": 5814}",2017-04-25 01:04:00.114965+00,2017-04-25 01:04:00.114965+00
235,68,regex_and_mcc,"{""pattern"": ""AMAZON"", ""mcc_code"": 5818}",2017-04-25 01:04:00.114965+00,2017-04-25 01:04:00.114965+00
236,72,regex_and_mcc,"{""pattern"": ""KINDLE"", ""mcc_code"": 5818}",2017-04-25 01:04:00.114965+00,2017-04-25 01:04:00.114965+00
237,148,regex_and_mcc,"{""pattern"": ""BOOTS"", ""mcc_code"": 5912}",2017-04-25 01:04:00.114965+00,2017-04-25 01:04:00.114965+00
238,502,regex_and_mcc,"{""pattern"": ""CVS"", ""mcc_code"": 5912}",2017-04-25 01:04:00.114965+00,2017-04-25 01:04:00.114965+00
239,149,regex_and_mcc,"{""pattern"": ""DRUGSTORE.COM"", ""mcc_code"": 5912}",2017-04-25 01:04:00.114965+00,2017-04-25 01:04:00.114965+00
240,150,regex_and_mcc,"{""pattern"": ""DUANE READE"", ""mcc_code"": 5912}",2017-04-25 01:04:00.114965+00,2017-04-25 01:04:00.114965+00
241,202,regex_and_mcc,"{""pattern"": ""HANNAFORD"", ""mcc_code"": 5912}",2017-04-25 01:04:00.114965+00,2017-04-25 01:04:00.114965+00
242,503,regex_and_mcc,"{""pattern"": ""RITE AID"", ""mcc_code"": 5912}",2017-04-25 01:04:00.114965+00,2017-04-25 01:04:00.114965+00
243,147,regex_and_mcc,"{""pattern"": ""WALGREEN"", ""mcc_code"": 5912}",2017-04-25 01:04:00.114965+00,2017-04-25 01:04:00.114965+00
244,659,regex_and_mcc,"{""pattern"": ""DICK'S SPORTING GOODS"", ""mcc_code"": 5941}",2017-04-25 01:04:00.114965+00,2017-04-25 01:04:00.114965+00
245,68,regex_and_mcc,"{""pattern"": ""AMAZON"", ""mcc_code"": 5942}",2017-04-25 01:04:00.114965+00,2017-04-25 01:04:00.114965+00
246,650,regex_and_mcc,"{""pattern"": ""BARNESNOBLE"", ""mcc_code"": 5942}",2017-04-25 01:04:00.114965+00,2017-04-25 01:04:00.114965+00
247,359,regex_and_mcc,"{""pattern"": ""OFFICE DEPOT"", ""mcc_code"": 5943}",2017-04-25 01:04:00.114965+00,2017-04-25 01:04:00.114965+00
248,646,regex_and_mcc,"{""pattern"": ""STAPLES"", ""mcc_code"": 5943}",2017-04-25 01:04:00.114965+00,2017-04-25 01:04:00.114965+00
249,472,regex_and_mcc,"{""pattern"": ""PANDORA"", ""mcc_code"": 5944}",2017-04-25 01:04:00.114965+00,2017-04-25 01:04:00.114965+00
250,62,regex_and_mcc,"{""pattern"": ""DISNEY"", ""mcc_code"": 5947}",2017-04-25 01:04:00.114965+00,2017-04-25 01:04:00.114965+00
251,742,regex_and_mcc,"{""pattern"": ""HALLMARK"", ""mcc_code"": 5947}",2017-04-25 01:04:00.114965+00,2017-04-25 01:04:00.114965+00
252,68,regex_and_mcc,"{""pattern"": ""AMAZON"", ""mcc_code"": 5967}",2017-04-25 01:04:00.114965+00,2017-04-25 01:04:00.114965+00
253,68,regex_and_mcc,"{""pattern"": ""AMAZON"", ""mcc_code"": 5968}",2017-04-25 01:04:00.114965+00,2017-04-25 01:04:00.114965+00
254,73,regex_and_mcc,"{""pattern"": ""AUDIBLE"", ""mcc_code"": 5968}",2017-04-25 01:04:00.114965+00,2017-04-25 01:04:00.114965+00
255,63,regex_and_mcc,"{""pattern"": ""DISNEY MOVIE CLUB"", ""mcc_code"": 5968}",2017-04-25 01:04:00.114965+00,2017-04-25 01:04:00.114965+00
256,293,regex_and_mcc,"{""pattern"": ""DOLLAR SHAVE CLUB"", ""mcc_code"": 5968}",2017-04-25 01:04:00.114965+00,2017-04-25 01:04:00.114965+00
257,469,regex_and_mcc,"{""pattern"": ""EXPERIAN"", ""mcc_code"": 5968}",2017-04-25 01:04:00.114965+00,2017-04-25 01:04:00.114965+00
258,285,regex_and_mcc,"{""pattern"": ""GOOGLE"", ""mcc_code"": 5968}",2017-04-25 01:04:00.114965+00,2017-04-25 01:04:00.114965+00
259,68,regex_and_mcc,"{""pattern"": ""AMAZON"", ""mcc_code"": 5969}",2017-04-25 01:04:00.114965+00,2017-04-25 01:04:00.114965+00
260,589,regex_and_mcc,"{""pattern"": ""AVON"", ""mcc_code"": 5977}",2017-04-25 01:04:00.114965+00,2017-04-25 01:04:00.114965+00
261,648,regex_and_mcc,"{""pattern"": ""SALLY BEAUTY"", ""mcc_code"": 5977}",2017-04-25 01:04:00.114965+00,2017-04-25 01:04:00.114965+00
262,95,regex_and_mcc,"{""pattern"": ""SEPHORA"", ""mcc_code"": 5977}",2017-04-25 01:04:00.114965+00,2017-04-25 01:04:00.114965+00
263,68,regex_and_mcc,"{""pattern"": ""AMAZON"", ""mcc_code"": 5999}",2017-04-25 01:04:00.114965+00,2017-04-25 01:04:00.114965+00
264,46,regex_and_mcc,"{""pattern"": ""BATH & BODY WORKS"", ""mcc_code"": 5999}",2017-04-25 01:04:00.114965+00,2017-04-25 01:04:00.114965+00
265,640,regex_and_mcc,"{""pattern"": ""BEST BUY"", ""mcc_code"": 5999}",2017-04-25 01:04:00.114965+00,2017-04-25 01:04:00.114965+00
266,553,regex_and_mcc,"{""pattern"": ""CHEVRON"", ""mcc_code"": 5999}",2017-04-25 01:04:00.114965+00,2017-04-25 01:04:00.114965+00
267,81,regex_and_mcc,"{""pattern"": ""JET.COM"", ""mcc_code"": 5999}",2017-04-25 01:04:00.114965+00,2017-04-25 01:04:00.114965+00
268,457,regex_and_mcc,"{""pattern"": ""ZULILY"", ""mcc_code"": 5999}",2017-04-25 01:04:00.114965+00,2017-04-25 01:04:00.114965+00
269,446,regex_and_mcc,"{""pattern"": ""CHASE"", ""mcc_code"": 6010}",2017-04-25 01:04:00.114965+00,2017-04-25 01:04:00.114965+00
270,491,regex_and_mcc,"{""pattern"": ""CAPITAL ONE"", ""mcc_code"": 6012}",2017-04-25 01:04:00.114965+00,2017-04-25 01:04:00.114965+00
271,538,regex_and_mcc,"{""pattern"": ""AETNA"", ""mcc_code"": 6300}",2017-04-25 01:04:00.114965+00,2017-04-25 01:04:00.114965+00
272,565,regex_and_mcc,"{""pattern"": ""AFLAC"", ""mcc_code"": 6300}",2017-04-25 01:04:00.114965+00,2017-04-25 01:04:00.114965+00
273,297,regex_and_mcc,"{""pattern"": ""ALLSTATE"", ""mcc_code"": 6300}",2017-04-25 01:04:00.114965+00,2017-04-25 01:04:00.114965+00
274,539,regex_and_mcc,"{""pattern"": ""ANTHEM"", ""mcc_code"": 6300}",2017-04-25 01:04:00.114965+00,2017-04-25 01:04:00.114965+00
275,298,regex_and_mcc,"{""pattern"": ""ESURANCE"", ""mcc_code"": 6300}",2017-04-25 01:04:00.114965+00,2017-04-25 01:04:00.114965+00
276,7,regex_and_mcc,"{""pattern"": ""GEICO"", ""mcc_code"": 6300}",2017-04-25 01:04:00.114965+00,2017-04-25 01:04:00.114965+00
277,590,regex_and_mcc,"{""pattern"": ""PROGRESSIVE *INSURANCE"", ""mcc_code"": 6300}",2017-04-25 01:04:00.114965+00,2017-04-25 01:04:00.114965+00
278,715,regex_and_mcc,"{""pattern"": ""AIRBNB"", ""mcc_code"": 7011}",2017-04-25 01:04:00.114965+00,2017-04-25 01:04:00.114965+00
279,272,regex_and_mcc,"{""pattern"": ""DAYS INN"", ""mcc_code"": 7011}",2017-04-25 01:04:00.114965+00,2017-04-25 01:04:00.114965+00
280,214,regex_and_mcc,"{""pattern"": ""HOLIDAY INN"", ""mcc_code"": 7011}",2017-04-25 01:04:00.114965+00,2017-04-25 01:04:00.114965+00
281,626,regex_and_mcc,"{""pattern"": ""H&R BLOCK"", ""mcc_code"": 7276}",2017-04-25 01:04:00.114965+00,2017-04-25 01:04:00.114965+00
282,490,regex_and_mcc,"{""pattern"": ""AMERICAN EXPRESS"", ""mcc_code"": 7278}",2017-04-25 01:04:00.114965+00,2017-04-25 01:04:00.114965+00
283,633,regex_and_mcc,"{""pattern"": ""CUBESMART"", ""mcc_code"": 7299}",2017-04-25 01:04:00.114965+00,2017-04-25 01:04:00.114965+00
284,576,regex_and_mcc,"{""pattern"": ""GROUPON"", ""mcc_code"": 7299}",2017-04-25 01:04:00.114965+00,2017-04-25 01:04:00.114965+00
285,561,regex_and_mcc,"{""pattern"": ""FACEBK"", ""mcc_code"": 7311}",2017-04-25 01:04:00.114965+00,2017-04-25 01:04:00.114965+00
286,561,regex_and_mcc,"{""pattern"": ""FACEBOOK"", ""mcc_code"": 7311}",2017-04-25 01:04:00.114965+00,2017-04-25 01:04:00.114965+00
287,632,regex_and_mcc,"{""pattern"": ""EQUIFAX"", ""mcc_code"": 7321}",2017-04-25 01:04:00.114965+00,2017-04-25 01:04:00.114965+00
288,469,regex_and_mcc,"{""pattern"": ""EXPERIAN"", ""mcc_code"": 7321}",2017-04-25 01:04:00.114965+00,2017-04-25 01:04:00.114965+00
289,470,regex_and_mcc,"{""pattern"": ""TRANSUNION"", ""mcc_code"": 7321}",2017-04-25 01:04:00.114965+00,2017-04-25 01:04:00.114965+00
290,144,regex_and_mcc,"{""pattern"": ""FEDEX OFFICE"", ""mcc_code"": 7338}",2017-04-25 01:04:00.114965+00,2017-04-25 01:04:00.114965+00
291,498,regex_and_mcc,"{""pattern"": ""THE UPS STORE"", ""mcc_code"": 7338}",2017-04-25 01:04:00.114965+00,2017-04-25 01:04:00.114965+00
292,68,regex_and_mcc,"{""pattern"": ""AMAZON"", ""mcc_code"": 7399}",2017-04-25 01:04:00.114965+00,2017-04-25 01:04:00.114965+00
293,625,regex_and_mcc,"{""pattern"": ""EBAY"", ""mcc_code"": 7399}",2017-04-25 01:04:00.114965+00,2017-04-25 01:04:00.114965+00
294,622,regex_and_mcc,"{""pattern"": ""UHAUL"", ""mcc_code"": 7513}",2017-04-25 01:04:00.114965+00,2017-04-25 01:04:00.114965+00
295,185,regex_and_mcc,"{""pattern"": ""CIRCLE K"", ""mcc_code"": 7542}",2017-04-25 01:04:00.114965+00,2017-04-25 01:04:00.114965+00
296,448,regex_and_mcc,"{""pattern"": ""AMC"", ""mcc_code"": 7832}",2017-04-25 01:04:00.114965+00,2017-04-25 01:04:00.114965+00
297,56,regex_and_mcc,"{""pattern"": ""FANDANGO"", ""mcc_code"": 7832}",2017-04-25 01:04:00.114965+00,2017-04-25 01:04:00.114965+00
298,643,regex_and_mcc,"{""pattern"": ""GAMESTOP"", ""mcc_code"": 7993}",2017-04-25 01:04:00.114965+00,2017-04-25 01:04:00.114965+00
299,594,regex_and_mcc,"{""pattern"": ""PLANET FITNESS"", ""mcc_code"": 7997}",2017-04-25 01:04:00.114965+00,2017-04-25 01:04:00.114965+00
300,626,regex_and_mcc,"{""pattern"": ""H&R BLOCK"", ""mcc_code"": 8931}",2017-04-25 01:04:00.114965+00,2017-04-25 01:04:00.114965+00
301,382,regex_and_mcc,"{""pattern"": ""AIR CAN"", ""mcc_code"": 3000}",2017-04-25 01:04:00.114965+00,2017-04-25 01:04:00.114965+00
302,360,regex_and_mcc,"{""pattern"": ""OFFICE MA"", ""mcc_code"": 5943}",2017-04-25 01:04:00.114965+00,2017-04-25 01:04:00.114965+00
303,678,regex_and_mcc,"{""pattern"": ""ORBITZ"", ""mcc_code"": 4722}",2017-04-25 01:04:00.114965+00,2017-04-25 01:04:00.114965+00
304,44,regex_and_mcc,"{""pattern"": ""VICTORIA'S SECR"", ""mcc_code"": 5621}",2017-04-25 01:04:00.114965+00,2017-04-25 01:04:00.114965+00
305,752,regex_and_mcc,"{""pattern"": ""MEIJER"", ""mcc_code"": 5411}",2017-04-25 01:04:00.114965+00,2017-04-25 01:04:00.114965+00
306,390,regex_and_mcc,"{""pattern"": ""COPA"", ""mcc_code"": 3000}",2017-04-25 01:04:00.114965+00,2017-04-25 01:04:00.114965+00
307,286,regex_and_mcc,"{""pattern"": ""NEST LABS"", ""mcc_code"": 7399}",2017-04-25 01:04:00.114965+00,2017-04-25 01:04:00.114965+00
308,70,regex_and_mcc,"{""pattern"": ""ZAPPO'S"", ""mcc_code"": 5661}",2017-04-25 01:04:00.114965+00,2017-04-25 01:04:00.114965+00
309,77,regex_and_mcc,"{""pattern"": ""WOOT"", ""mcc_code"": 5999}",2017-04-25 01:04:00.114965+00,2017-04-25 01:04:00.114965+00
310,388,regex_and_mcc,"{""pattern"": ""AMERICAN"", ""mcc_code"": 3000}",2017-04-25 01:04:00.114965+00,2017-04-25 01:04:00.114965+00
311,620,regex_and_mcc,"{""pattern"": ""AARON'S"", ""mcc_code"": 7394}",2017-04-25 01:04:00.114965+00,2017-04-25 01:04:00.114965+00
312,307,regex_and_mcc,"{""pattern"": ""POPEYE'S"", ""mcc_code"": 5814}",2017-04-25 01:04:00.114965+00,2017-04-25 01:04:00.114965+00
313,679,regex_and_mcc,"{""pattern"": ""PRICELINE HOTELS"", ""mcc_code"": 7011}",2017-04-25 01:04:00.114965+00,2017-04-25 01:04:00.114965+00
314,639,regex_and_mcc,"{""pattern"": ""NETFLIX.COM"", ""mcc_code"": 4899}",2017-04-25 01:04:00.114965+00,2017-04-25 01:04:00.114965+00
315,674,regex_and_mcc,"{""pattern"": ""NINTENDO"", ""mcc_code"": 5045}",2017-04-25 01:04:00.114965+00,2017-04-25 01:04:00.114965+00
316,593,regex_and_mcc,"{""pattern"": ""REGAL CINEMA"", ""mcc_code"": 7832}",2017-04-25 01:04:00.114965+00,2017-04-25 01:04:00.114965+00
317,552,regex_and_mcc,"{""pattern"": ""SHELL"", ""mcc_code"": 5541}",2017-04-25 01:04:00.114965+00,2017-04-25 01:04:00.114965+00
318,602,regex_and_mcc,"{""pattern"": ""STARBUCKS"", ""mcc_code"": 7399}",2017-04-25 01:04:00.114965+00,2017-04-25 01:04:00.114965+00
319,602,regex_and_mcc,"{""pattern"": ""STARBUCKS"", ""mcc_code"": 5499}",2017-04-25 01:04:00.114965+00,2017-04-25 01:04:00.114965+00
320,788,regex_and_mcc,"{""pattern"": ""USA*SNACK SODA VEN"", ""mcc_code"": 5814}",2017-04-25 01:04:00.114965+00,2017-04-25 01:04:00.114965+00
321,639,regex_and_mcc,"{""pattern"": ""NETFLIX.COM"", ""mcc_code"": 5968}",2017-04-25 01:04:00.114965+00,2017-04-25 01:04:00.114965+00
322,140,regex_and_mcc,"{""pattern"": ""PLAYSTATION NETWORK"", ""mcc_code"": 5816}",2017-04-25 01:04:00.114965+00,2017-04-25 01:04:00.114965+00
323,776,regex_and_mcc,"{""pattern"": ""SPOTIFY"", ""mcc_code"": 4899}",2017-04-25 01:04:00.114965+00,2017-04-25 01:04:00.114965+00
324,776,regex_and_mcc,"{""pattern"": ""SPOTIFY"", ""mcc_code"": 5815}",2017-04-25 01:04:00.114965+00,2017-04-25 01:04:00.114965+00
325,764,regex_and_mcc,"{""pattern"": ""PUBLIX"", ""mcc_code"": 5411}",2017-04-25 01:04:00.114965+00,2017-04-25 01:04:00.114965+00
326,159,regex_and_mcc,"{""pattern"": ""AT&T"", ""mcc_code"": 4814}",2017-04-25 01:04:00.114965+00,2017-04-25 01:04:00.114965+00
327,159,regex_and_mcc,"{""pattern"": ""AT&T"", ""mcc_code"": 4899}",2017-04-25 01:04:00.114965+00,2017-04-25 01:04:00.114965+00
328,788,regex_and_mcc,"{""pattern"": ""USA*CANTEEN VENDIN"", ""mcc_code"": 5814}",2017-04-25 01:04:00.114965+00,2017-04-25 01:04:00.114965+00
329,765,regex_and_mcc,"{""pattern"": ""QUIKTRIP"", ""mcc_code"": 5542}",2017-04-25 01:04:00.114965+00,2017-04-25 01:04:00.114965+00
330,739,regex_and_mcc,"{""pattern"": ""FRY'S ELECTRONICS"", ""mcc_code"": 5732}",2017-04-25 01:04:00.114965+00,2017-04-25 01:04:00.114965+00
331,404,regex_and_mcc,"{""pattern"": ""UNITED"", ""mcc_code"": 3000}",2017-04-25 01:04:00.114965+00,2017-04-25 01:04:00.114965+00
332,285,regex_and_mcc,"{""pattern"": ""GOOGLE *"", ""mcc_code"": 5734}",2017-04-25 01:04:00.114965+00,2017-04-25 01:04:00.114965+00
333,285,regex_and_mcc,"{""pattern"": ""GOOGLE *GOOGLE PLAY"", ""mcc_code"": 7829}",2017-04-25 01:04:00.114965+00,2017-04-25 01:04:00.114965+00
334,580,regex_and_mcc,"{""pattern"": ""TMOBILE"", ""mcc_code"": 4814}",2017-04-25 01:04:00.114965+00,2017-04-25 01:04:00.114965+00
335,638,regex_and_mcc,"{""pattern"": ""BEDBATH&BEYOND"", ""mcc_code"": 5719}",2017-04-25 01:04:00.114965+00,2017-04-25 01:04:00.114965+00
336,44,regex_and_mcc,"{""pattern"": ""VICTORIASSECRET.COM"", ""mcc_code"": 5964}",2017-04-25 01:04:00.114965+00,2017-04-25 01:04:00.114965+00
337,282,regex_and_mcc,"{""pattern"": ""PHILLIPS 66"", ""mcc_code"": 5542}",2017-04-25 01:04:00.114965+00,2017-04-25 01:04:00.114965+00
338,795,regex_and_mcc,"{""pattern"": ""WHATABURGER"", ""mcc_code"": 5814}",2017-04-25 01:04:00.114965+00,2017-04-25 01:04:00.114965+00
339,777,regex_and_mcc,"{""pattern"": ""STATE FARM"", ""mcc_code"": 6300}",2017-04-25 01:04:00.114965+00,2017-04-25 01:04:00.114965+00
340,450,regex_and_mcc,"{""pattern"": ""SIRIUSXM"", ""mcc_code"": 4899}",2017-04-25 01:04:00.114965+00,2017-04-25 01:04:00.114965+00
341,636,regex_and_mcc,"{""pattern"": ""DOLLAR-GE"", ""mcc_code"": 5310}",2017-04-25 01:04:00.114965+00,2017-04-25 01:04:00.114965+00
342,402,regex_and_mcc,"{""pattern"": ""SOUTHWES"", ""mcc_code"": 3000}",2017-04-25 01:04:00.114965+00,2017-04-25 01:04:00.114965+00
343,354,regex_and_mcc,"{""pattern"": ""DOLLARTREE"", ""mcc_code"": 5331}",2017-04-25 01:04:00.114965+00,2017-04-25 01:04:00.114965+00
344,403,regex_and_mcc,"{""pattern"": ""SPIRIT AI"", ""mcc_code"": 3000}",2017-04-25 01:04:00.114965+00,2017-04-25 01:04:00.114965+00
345,159,regex_and_mcc,"{""pattern"": ""ATT*BILL PAYMENT"", ""mcc_code"": 4899}",2017-04-25 01:04:00.114965+00,2017-04-25 01:04:00.114965+00
346,672,regex_and_mcc,"{""pattern"": ""BLIZZARD"", ""mcc_code"": 5734}",2017-04-25 01:04:00.114965+00,2017-04-25 01:04:00.114965+00
347,82,regex_and_mcc,"{""pattern"": ""VUDU.COM"", ""mcc_code"": 4899}",2017-04-25 01:04:00.114965+00,2017-04-25 01:04:00.114965+00
348,373,regex_and_mcc,"{""pattern"": ""BUDGET RENT-A-CAR"", ""mcc_code"": 3351}",2017-04-25 01:04:00.114965+00,2017-04-25 01:04:00.114965+00
349,459,regex_and_mcc,"{""pattern"": ""7 ELEVEN"", ""mcc_code"": 5541}",2017-04-25 01:04:00.114965+00,2017-04-25 01:04:00.114965+00
350,459,regex_and_mcc,"{""pattern"": ""7 ELEVEN"", ""mcc_code"": 5542}",2017-04-25 01:04:00.114965+00,2017-04-25 01:04:00.114965+00
351,459,regex_and_mcc,"{""pattern"": ""7 ELEVEN"", ""mcc_code"": 5499}",2017-04-25 01:04:00.114965+00,2017-04-25 01:04:00.114965+00
352,459,regex_and_mcc,"{""pattern"": ""7 - ELEVEN"", ""mcc_code"": 5542}",2017-04-25 01:04:00.114965+00,2017-04-25 01:04:00.114965+00
353,159,regex_and_mcc,"{""pattern"": ""AT&T"", ""mcc_code"": 4812}",2017-04-25 01:04:00.114965+00,2017-04-25 01:04:00.114965+00
354,285,regex_and_mcc,"{""pattern"": ""GOOGLE *MUSIC"", ""mcc_code"": 5735}",2017-04-25 01:04:00.114965+00,2017-04-25 01:04:00.114965+00
355,285,regex_and_mcc,"{""pattern"": ""GOOGLE *PLAY"", ""mcc_code"": 5942}",2017-04-25 01:04:00.114965+00,2017-04-25 01:04:00.114965+00
356,285,regex_and_mcc,"{""pattern"": ""GOOGLE *PROJECT FI"", ""mcc_code"": 7399}",2017-04-25 01:04:00.114965+00,2017-04-25 01:04:00.114965+00
357,375,regex_and_mcc,"{""pattern"": ""PAYLESS"", ""mcc_code"": 3351}",2017-04-25 01:04:00.114965+00,2017-04-25 01:04:00.114965+00
358,714,regex_and_mcc,"{""pattern"": ""24HOUR FITNESS"", ""mcc_code"": 7997}",2017-04-25 01:04:00.114965+00,2017-04-25 01:04:00.114965+00
359,736,regex_and_mcc,"{""pattern"": ""5GUYS"", ""mcc_code"": 5814}",2017-04-25 01:04:00.114965+00,2017-04-25 01:04:00.114965+00
360,283,regex_and_mcc,"{""pattern"": ""76"", ""mcc_code"": 5541}",2017-04-25 01:04:00.114965+00,2017-04-25 01:04:00.114965+00
361,283,regex_and_mcc,"{""pattern"": ""76"", ""mcc_code"": 5542}",2017-04-25 01:04:00.114965+00,2017-04-25 01:04:00.114965+00
362,388,regex_and_mcc,"{""pattern"": ""AA INFLIGHT"", ""mcc_code"": 5814}",2017-04-25 01:04:00.114965+00,2017-04-25 01:04:00.114965+00
363,70,regex_and_mcc,"{""pattern"": ""ZAPPOS"", ""mcc_code"": 5561}",2017-04-25 01:04:00.114965+00,2017-04-25 01:04:00.114965+00
364,412,regex_and_mcc,"{""pattern"": ""AMERICAN EAGLE"", ""mcc_code"": 5691}",2017-04-25 01:04:00.114965+00,2017-04-25 01:04:00.114965+00
365,5,regex_and_mcc,"{""pattern"": ""BEN BRIDGE"", ""mcc_code"": 5399}",2017-04-25 01:04:00.114965+00,2017-04-25 01:04:00.114965+00
366,6,regex_and_mcc,"{""pattern"": ""HELZBERG DIAMOND"", ""mcc_code"": 5944}",2017-04-25 01:04:00.114965+00,2017-04-25 01:04:00.114965+00
367,338,regex_and_mcc,"{""pattern"": ""CARRABBAS"", ""mcc_code"": 5812}",2017-04-25 01:04:00.114965+00,2017-04-25 01:04:00.114965+00
368,340,regex_and_mcc,"{""pattern"": ""OUTBACK"", ""mcc_code"": 5812}",2017-04-25 01:04:00.114965+00,2017-04-25 01:04:00.114965+00
369,518,regex_and_mcc,"{""pattern"": ""WHOLEFDS"", ""mcc_code"": 5411}",2017-04-25 01:04:00.114965+00,2017-04-25 01:04:00.114965+00
370,640,regex_and_mcc,"{""pattern"": ""BESTBUYCOM"", ""mcc_code"": 5732}",2017-04-25 01:04:00.114965+00,2017-04-25 01:04:00.114965+00
371,80,regex_and_mcc,"{""pattern"": ""SAMS CLUB"", ""mcc_code"": 5300}",2017-04-25 01:04:00.114965+00,2017-04-25 01:04:00.114965+00
372,180,regex_and_mcc,"{""pattern"": ""SMITHS"", ""mcc_code"": 5411}",2017-04-25 01:04:00.114965+00,2017-04-25 01:04:00.114965+00
373,738,regex_and_mcc,"{""pattern"": ""FRONTIER"", ""mcc_code"": 3000}",2017-04-25 01:04:00.114965+00,2017-04-25 01:04:00.114965+00
374,385,regex_and_mcc,"{""pattern"": ""ALASKA A"", ""mcc_code"": 3000}",2017-04-25 01:04:00.114965+00,2017-04-25 01:04:00.114965+00
375,405,regex_and_mcc,"{""pattern"": ""VIR AMER"", ""mcc_code"": 3000}",2017-04-25 01:04:00.114965+00,2017-04-25 01:04:00.114965+00
376,388,regex_and_mcc,"{""pattern"": ""WWW.AA.COM"", ""mcc_code"": 3000}",2017-04-25 01:04:00.114965+00,2017-04-25 01:04:00.114965+00
377,38,regex_and_mcc,"{""pattern"": ""OLD NAVY"", ""mcc_code"": 5651}",2017-04-25 01:04:00.114965+00,2017-04-25 01:04:00.114965+00
378,79,regex_and_mcc,"{""pattern"": ""WM SUPERC"", ""mcc_code"": 5411}",2017-04-25 01:04:00.114965+00,2017-04-25 01:04:00.114965+00
379,79,regex_and_mcc,"{""pattern"": ""WM SUPERC"", ""mcc_code"": 5310}",2017-04-25 01:04:00.114965+00,2017-04-25 01:04:00.114965+00
380,792,regex_and_mcc,"{""pattern"": ""WAWA"", ""mcc_code"": 5541}",2017-04-26 16:04:50.152386+00,2017-04-26 16:04:50.152386+00
381,792,regex_and_mcc,"{""pattern"": ""WAWA"", ""mcc_code"": 5542}",2017-04-26 16:05:03.010368+00,2017-04-26 16:05:03.010368+00
382,792,regex_and_mcc,"{""pattern"": ""WAWA"", ""mcc_code"": 5499}",2017-04-26 16:05:12.449138+00,2017-04-26 16:05:12.449138+00
383,681,regex_and_mcc,"{""pattern"": ""CARL('?)S JR"", ""mcc_code"": 5814}",2017-04-26 16:30:05.418354+00,2017-04-26 16:30:05.418354+00
384,744,regex_and_mcc,"{""pattern"": ""IN-N-OUT BURGER"", ""mcc_code"": 5814}",2017-04-26 17:37:11.649862+00,2017-04-26 17:37:11.649862+00
385,689,regex_and_mcc,"{""pattern"": ""PEET('?)S"", ""mcc_code"": 5814}",2017-04-26 18:19:51.992107+00,2017-04-26 18:19:51.992107+00
386,689,regex_and_mcc,"{""pattern"": ""PEET('?)S"", ""mcc_code"": 5812}",2017-04-26 18:19:55.823048+00,2017-04-26 18:19:55.823048+00
387,759,regex_and_mcc,"{""pattern"": ""PANDA EXPRESS"", ""mcc_code"": 5814}",2017-04-26 19:23:32.608357+00,2017-04-26 19:23:32.608357+00
161788657,602,regex_and_mcc,"{""pattern"": ""STARBUCKS"", ""mcc_code"": 5812}",2019-07-11 21:35:11.606315+00,2019-07-11 21:35:11.606315+00
161788744,161788704,regex_and_mcc,"{""pattern"": ""KINDHUMANS"", ""mcc_code"": 5399}",2021-12-01 22:45:50.224598+00,2021-12-01 22:45:50.224598+00
161788745,161788704,regex_and_mcc,"{""pattern"": ""KINDHUMANS"", ""mcc_code"": 5999}",2021-12-01 22:45:50.224598+00,2021-12-01 22:45:50.224598+00
161788746,161788705,regex_and_mcc,"{""pattern"": ""JUNESHINE"", ""mcc_code"": 5813}",2021-12-01 22:45:50.224598+00,2021-12-01 22:45:50.224598+00
161788747,161788705,regex_and_mcc,"{""pattern"": ""JUNESHINE"", ""mcc_code"": 5499}",2021-12-01 22:45:50.224598+00,2021-12-01 22:45:50.224598+00
161788748,161788705,regex_and_mcc,"{""pattern"": ""JUNESHINE"", ""mcc_code"": 5734}",2021-12-01 22:45:50.224598+00,2021-12-01 22:45:50.224598+00
161788749,161788705,regex_and_mcc,"{""pattern"": ""JUNESHINE"", ""mcc_code"": 5812}",2021-12-01 22:45:50.224598+00,2021-12-01 22:45:50.224598+00
161788750,161788705,regex_and_mcc,"{""pattern"": ""JUNESHINE"", ""mcc_code"": 5411}",2021-12-01 22:45:50.224598+00,2021-12-01 22:45:50.224598+00
161788751,161788706,regex_and_mcc,"{""pattern"": ""WOLVEN APPAREL"", ""mcc_code"": 5691}",2021-12-01 22:45:50.224598+00,2021-12-01 22:45:50.224598+00
161788752,161788706,regex_and_mcc,"{""pattern"": ""WOLVENTHRDS"", ""mcc_code"": 5621}",2021-12-01 22:45:50.224598+00,2021-12-01 22:45:50.224598+00
161788753,161788707,regex_and_mcc,"{""pattern"": ""BOYISH JEANS"", ""mcc_code"": 5734}",2022-02-17 01:37:49.306059+00,2022-02-17 01:37:49.306059+00
161788754,161788707,regex_and_mcc,"{""pattern"": ""BOYISH JEANS"", ""mcc_code"": 5621}",2022-02-17 01:37:49.306059+00,2022-02-17 01:37:49.306059+00
161788755,161788707,regex_and_mcc,"{""pattern"": ""BOYISH JEANS"", ""mcc_code"": 5999}",2022-02-17 01:37:49.306059+00,2022-02-17 01:37:49.306059+00
161788756,161788708,regex_and_mcc,"{""pattern"": ""SUPERZERO"", ""mcc_code"": 7230}",2022-02-17 01:37:49.306059+00,2022-02-17 01:37:49.306059+00
161788757,161788708,regex_and_mcc,"{""pattern"": ""SUPERZERO.COM"", ""mcc_code"": 5977}",2022-02-17 01:37:49.306059+00,2022-02-17 01:37:49.306059+00
161788758,161788709,regex_and_mcc,"{""pattern"": ""ZERO WASTE STORE"", ""mcc_code"": 5691}",2022-02-17 01:37:49.306059+00,2022-02-17 01:37:49.306059+00
161788759,161788710,regex_and_mcc,"{""pattern"": ""BRIGHTLY"", ""mcc_code"": 5399}",2022-02-17 01:37:49.306059+00,2022-02-17 01:37:49.306059+00
161788686,161788678,regex_and_mcc,"{""pattern"": ""ARCADIAPOWER"", ""mcc_code"": 4900}",2019-07-25 21:47:27.1538+00,2019-07-25 21:47:27.1538+00
161788687,161788678,regex_and_mcc,"{""pattern"": ""ARCADIAPOWER"", ""mcc_code"": 5734}",2019-07-25 21:47:27.1538+00,2019-07-25 21:47:27.1538+00
161788689,161788679,regex_and_mcc,"{""pattern"": ""WAG ONBOARDING"", ""mcc_code"": 5734}",2019-07-25 21:47:27.1538+00,2019-07-25 21:47:27.1538+00
161788690,161788680,regex_and_mcc,"{""pattern"": ""KNOWN SUPPLY"", ""mcc_code"": 5691}",2019-07-25 21:47:27.1538+00,2019-07-25 21:47:27.1538+00
161788691,161788681,regex_and_mcc,"{""pattern"": ""UNITED BY BLUE"", ""mcc_code"": 5699}",2019-07-25 21:47:27.1538+00,2019-07-25 21:47:27.1538+00
161788692,161788681,regex_and_mcc,"{""pattern"": ""UNITED BY BLUE"", ""mcc_code"": 5691}",2019-07-25 21:47:27.1538+00,2019-07-25 21:47:27.1538+00
161788693,161788681,regex_and_mcc,"{""pattern"": ""UNITED BLUE"", ""mcc_code"": 5611}",2019-07-25 21:47:27.1538+00,2019-07-25 21:47:27.1538+00
161788694,161788682,regex_and_mcc,"{""pattern"": ""THIS BAR SAVES LI"", ""mcc_code"": 5499}",2019-07-25 21:47:27.1538+00,2019-07-25 21:47:27.1538+00
161788695,161788683,regex_and_mcc,"{""pattern"": ""PARACHUTE HOME"", ""mcc_code"": 5200}",2019-07-25 21:47:27.1538+00,2019-07-25 21:47:27.1538+00
161788696,161788684,regex_and_mcc,"{""pattern"": ""SOAPBOXSOAP"", ""mcc_code"": 5734}",2019-07-25 21:47:27.1538+00,2019-07-25 21:47:27.1538+00
161788697,161788685,regex_and_mcc,"{""pattern"": ""BRANDLESS"", ""mcc_code"": 5331}",2019-07-25 21:47:27.1538+00,2019-07-25 21:47:27.1538+00
161788698,161788685,regex_and_mcc,"{""pattern"": ""BRANDLESS"", ""mcc_code"": 5499}",2019-07-25 21:47:27.1538+00,2019-07-25 21:47:27.1538+00
161788699,161788686,regex_and_mcc,"{""pattern"": ""BLUE APRON ORDER"", ""mcc_code"": 5499}",2019-07-25 21:47:27.1538+00,2019-07-25 21:47:27.1538+00
161788700,161788686,regex_and_mcc,"{""pattern"": ""BLUEAPRON.COM"", ""mcc_code"": 5499}",2019-07-25 21:47:27.1538+00,2019-07-25 21:47:27.1538+00
161788701,161788687,regex_and_mcc,"{""pattern"": ""FEED PROJECTS"", ""mcc_code"": 5399}",2019-07-25 21:47:27.1538+00,2019-07-25 21:47:27.1538+00
161788703,161788688,regex_and_mcc,"{""pattern"": ""TOMSCOM"", ""mcc_code"": 5661}",2019-07-25 21:47:27.1538+00,2019-07-25 21:47:27.1538+00
161788704,161788688,regex_and_mcc,"{""pattern"": ""TOMS.COM"", ""mcc_code"": 5661}",2019-07-25 21:47:27.1538+00,2019-07-25 21:47:27.1538+00
161788705,161788689,regex_and_mcc,"{""pattern"": ""REFORMATION"", ""mcc_code"": 5621}",2019-07-25 21:47:27.1538+00,2019-07-25 21:47:27.1538+00
161788706,161788689,regex_and_mcc,"{""pattern"": ""REFORMATION"", ""mcc_code"": 5691}",2019-07-25 21:47:27.1538+00,2019-07-25 21:47:27.1538+00
161788707,791,regex_and_mcc,"{""pattern"": ""WARBY PARKER"", ""mcc_code"": 8043}",2019-08-22 22:58:02.884453+00,2019-08-22 22:58:02.884453+00
161788708,161788690,regex_and_mcc,"{""pattern"": ""CAUSEBOX"", ""mcc_code"": 5199}",2019-08-22 22:58:04.178622+00,2019-08-22 22:58:04.178622+00
161788709,161788690,regex_and_mcc,"{""pattern"": ""CAUSEBOX"", ""mcc_code"": 5947}",2019-08-22 22:58:04.178622+00,2019-08-22 22:58:04.178622+00
161788710,161788690,regex_and_mcc,"{""pattern"": ""CAUSEBOX"", ""mcc_code"": 5999}",2019-08-22 22:58:04.178622+00,2019-08-22 22:58:04.178622+00
161788711,161788691,regex_and_mcc,"{""pattern"": ""\\\\ALOLA\\\\z"", ""mcc_code"": 5977}",2019-08-23 21:49:58.922632+00,2019-08-23 21:49:58.922632+00
161788713,161788688,regex_and_mcc,"{""pattern"": ""\\\\ATOMS "", ""mcc_code"": 5699}",2019-08-27 22:59:50.727112+00,2019-08-27 22:59:50.727112+00
161788712,161788691,regex_and_mcc,"{""pattern"": ""\\\\APAYPAL \\\\*?LOLA\\\\z"", ""mcc_code"": 8999}",2019-08-23 21:49:58.922632+00,2019-08-23 21:49:58.922632+00
161788688,161788679,regex_and_mcc,"{""pattern"": ""WAG! WALKING"", ""mcc_code"": 5995}",2019-07-25 21:47:27.1538+00,2019-07-25 21:47:27.1538+00
161788702,161788688,regex_and_mcc,"{""pattern"": ""TOMS -"", ""mcc_code"": 5661}",2019-07-25 21:47:27.1538+00,2019-07-25 21:47:27.1538+00
161788714,161788692,regex_and_mcc,"{""pattern"": ""GIRLFRIEND COLLEC"", ""mcc_code"": 5691}",2019-09-11 21:52:07.126547+00,2019-09-11 21:52:07.126547+00
161788715,161788692,regex_and_mcc,"{""pattern"": ""GIRLFRIENDC"", ""mcc_code"": 5621}",2019-09-11 21:52:07.126547+00,2019-09-11 21:52:07.126547+00
161788716,161788685,regex_and_mcc,"{""pattern"": ""BRANDLESS"", ""mcc_code"": 5999}",2019-09-30 23:47:55.348224+00,2019-09-30 23:47:55.348224+00
161788717,161788693,regex_and_mcc,"{""pattern"": ""GOODWINGS"", ""mcc_code"": 5812}",2020-01-16 17:53:27.325843+00,2020-01-16 17:53:27.325843+00
161788718,161788693,regex_and_mcc,"{""pattern"": ""GOODWINGS"", ""mcc_code"": 5734}",2020-01-16 17:53:27.325843+00,2020-01-16 17:53:27.325843+00
161788720,161788686,regex_and_mcc,"{""pattern"": ""BLUEAPRON"", ""mcc_code"": 5968}",2020-03-26 18:42:59.596755+00,2020-03-26 18:42:59.596755+00
161788721,161788691,regex_and_mcc,"{""pattern"": ""LOLA 8662320970"", ""mcc_code"": 5977}",2020-03-26 18:42:59.596755+00,2020-03-26 18:42:59.596755+00
161788719,161788678,regex_and_mcc,"{""pattern"": ""ARCADIA 8665260083"", ""mcc_code"": 4900}",2020-03-20 17:43:51.027836+00,2020-03-20 17:43:51.027836+00
161788722,161788694,regex_and_mcc,"{""pattern"": ""BURST ORAL CARE"", ""mcc_code"": 5047}",2020-06-17 22:32:58.642159+00,2020-06-17 22:32:58.642159+00
161788723,161788694,regex_and_mcc,"{""pattern"": ""BURST ORAL CARE"", ""mcc_code"": 5499}",2020-06-17 22:32:58.642159+00,2020-06-17 22:32:58.642159+00
161788724,161788694,regex_and_mcc,"{""pattern"": ""BURSTUSAINC"", ""mcc_code"": 8021}",2020-06-17 22:32:58.642159+00,2020-06-17 22:32:58.642159+00
161788725,161788691,regex_and_mcc,"{""pattern"": ""LOLA 8662320970"", ""mcc_code"": 8099}",2020-06-23 17:54:31.767806+00,2020-06-23 17:54:31.767806+00
161788726,161788695,regex_and_mcc,"{""pattern"": ""MIIR"", ""mcc_code"": 5999}",2021-01-19 18:12:45.244408+00,2021-01-19 18:12:45.244408+00
161788727,161788696,regex_and_mcc,"{""pattern"": ""DROPPS"", ""mcc_code"": 5399}",2021-01-19 18:12:45.244408+00,2021-01-19 18:12:45.244408+00
161788728,161788695,regex_and_mcc,"{""pattern"": ""MIIR"", ""mcc_code"": 5691}",2021-01-29 20:28:31.806056+00,2021-01-29 20:28:31.806056+00
161788729,161788697,regex_and_mcc,"{""pattern"": ""IMPERFECT FOODS"", ""mcc_code"": 5499}",2021-02-25 22:47:29.518919+00,2021-02-25 22:47:29.518919+00
161788730,161788698,regex_and_mcc,"{""pattern"": ""CLOUDPAPER"", ""mcc_code"": 7333}",2021-02-25 22:47:29.518919+00,2021-02-25 22:47:29.518919+00
161788731,161788699,regex_and_mcc,"{""pattern"": ""CARIUMA"", ""mcc_code"": 5661}",2021-03-30 16:26:52.325093+00,2021-03-30 16:26:52.325093+00
161788732,161788700,regex_and_mcc,"{""pattern"": ""TONYS CHOCOLONELY"", ""mcc_code"": 5441}",2021-03-30 16:26:52.325093+00,2021-03-30 16:26:52.325093+00
161788733,161788700,regex_and_mcc,"{""pattern"": ""TONY'S CHOCOLONELY"", ""mcc_code"": 5441}",2021-03-30 16:26:52.325093+00,2021-03-30 16:26:52.325093+00
161788734,161788699,regex_and_mcc,"{""pattern"": ""C A R I U M A"", ""mcc_code"": 5691}",2021-04-02 20:14:33.947547+00,2021-04-02 20:14:33.947547+00
161788735,161788701,regex_and_mcc,"{""pattern"": ""FORDAYSINC"", ""mcc_code"": 5611}",2021-07-07 18:19:03.629705+00,2021-07-07 18:19:03.629705+00
161788736,161788701,regex_and_mcc,"{""pattern"": ""FORDAYS[ ]+(HAWTHORNE|8335397349)[ ]+CA"", ""mcc_code"": 5691}",2021-07-07 18:19:03.629705+00,2021-07-07 18:19:03.629705+00
161788737,161788701,regex_and_mcc,"{""pattern"": ""FORDAYS[ ]+8335397349[ ]+CA"", ""mcc_code"": 5691}",2021-07-07 18:19:03.629705+00,2021-07-07 18:19:03.629705+00
161788738,161788701,regex_and_mcc,"{""pattern"": ""WWW.FORDAYS.COM"", ""mcc_code"": 5691}",2021-07-07 18:19:03.629705+00,2021-07-07 18:19:03.629705+00
161788739,161788701,regex_and_mcc,"{""pattern"": ""SP * FOR DAYS"", ""mcc_code"": 5691}",2021-07-07 18:19:03.629705+00,2021-07-07 18:19:03.629705+00
161788740,161788701,regex_and_mcc,"{""pattern"": ""SP * FOR DAYS"", ""mcc_code"": 5699}",2021-07-07 18:19:03.629705+00,2021-07-07 18:19:03.629705+00
161788741,161788702,regex_and_mcc,"{""pattern"": ""SEATOPIA"", ""mcc_code"": 5734}",2021-07-09 00:32:50.552696+00,2021-07-09 00:32:50.552696+00
161788742,161788703,regex_and_mcc,"{""pattern"": ""GORUMPL"", ""mcc_code"": 5712}",2021-08-16 17:55:59.655312+00,2021-08-16 17:55:59.655312+00
161788743,161788703,regex_and_mcc,"{""pattern"": ""RUMPL INC"", ""mcc_code"": 5941}",2021-08-16 17:55:59.655312+00,2021-08-16 17:55:59.655312+00
